public_key,username
BC1YLj3a3xppVPtAoMAzh1FFYtCTiGomjaA5PRcqS1PVRk8KqDw385y,Krassenstein
BC1YLgDjt19o9qKo8vdCM3RH73nvV4vcXZZVBkik3VvxM19YQoRQQKU,NyaupaneSougat
BC1YLhpLn4cw6f3o2XycGP79WMboGxuvvi9oN26KqWnXthvLBefjybn,PixelBros
BC1YLg5JHBpXZS96bsYCCXBJfhwX4aBTZWjwLJmV6AHFWcA4pJvzPJh,GlobalClout
BC1YLgxscjAz2LeFqjcS9kmyKJw777Yvrxz8Ky7E7StffchU3qUKbe8,danielklein
BC1YLfnxs4KgYh1myF2QNs9JPjfdQAtoZSRuAXCZ95pvKWQ48yWGpMR,dpr
BC1YLg5xgL7PAToY7dNrxqRmtAarJvBBZKJTkreuv2eLvCppf58Pwn9,Doodles
BC1YLiMToBz2JAZFrXB119UepFWGxG3cwgfBtdmU8T4J1tTWCwJtcBj,kerstineymers
BC1YLirtb7CjNwVmWEt7t1487Qpo4LoPBDEGvfqYwXXZcj2dDLNMBVU,SeanSlater
BC1YLgQMDskGR7m7V3uRqh62wFCZsPgVWH5BFHijArSRLJyPCVo9AuR,mattpitts
BC1YLfwsosymok1BEFcxGeNSe847UpRaaVoMNnVyuRQpomQ9XfCNoLS,danielwilson
BC1YLhR1KXpKzkDpGLsuydvC1BKWTUzMrwXmgitBt1Q5SQjyBqua4h5,CloutRecruiter
BC1YLfsqpQnbk7nVEYrpegrrxZ77SSWx7Z4SWEjv3mJpTwc6FhjfPNo,chrismaddern
BC1YLhExj2okzP9vauQEBNZa5ozMWLmgL3CWigus9kZk6Ld58MHxwvk,ReferBuddy
BC1YLgTGh6PWBcPkRASqRRj36h7UnZkPif6oUmiEfVcdsXCQjcBQMXZ,DrRobertSadowski
BC1YLjZCJi9bqfrBkptVAogg3Y87KXZQohNdFotp3c4EHEkCByqE97S,finn_hartmann
BC1YLgEvaGNxNawJwE1m4uTgMBJgVz3U9xeRtp4UTtqoJwRKwk5X8nA,darrenjhardy
BC1YLitMMvzoce99LLaw3voPQjStLK15kLxoMYyu1Luuag7WkvjcHTY,wun
BC1YLisiNqujHABnWiwjPD9JsmVUB52H4zS4PSRK77QEH6bEaddxF2m,mp3
BC1YLiKZ6We3rpH2655kDAmPk3EAahzfLPRh3Ge5NLKCmHNLAgo2qTT,swisscryptolegend
BC1YLi7EJueDX2Z7sRWYgeEiXHQsMCr9ztmPHDN7LrGotQ3Z7DTWCrJ,dgsus
BC1YLfhvh67K37E5foVUcRD9DWDDzi17MKt2nLcVMa8hJZhxyEq7VFn,MichaelLeeRolland
BC1YLg4XkXTZVCYQPxpWKB2NgYeUhydJADmRoWELFGgftDafpmuxxkP,futurepolitician
BC1YLgvyTuQyU6UwpxHydCmW2XWWifSLVJwdcrwjN4Y8L2die26GnfX,BenE
BC1YLfyw5zdJarRHEE9KKrBrNwTwkTqMHJWtd38kMmAcF9tsgcWdRxi,MarioNawfal
BC1YLfzRWsFyenwX1pp3EWSnQ6GyAvcEguJFsqA7fc5FjQV2NYJ3b5w,RepublicofIndia
BC1YLgyRakUwWH63wcMgBBE8U9mhMmpa5yhDbNqNuBxAzGB8ibPihVC,Zoobie
BC1YLg1ATf6nG4tRV61nUJr1PPEwv8yXSzsougjW9h142yN1s9YEpEs,Gabrieldisante
BC1YLgqpUyFocwTRSAS8zbCQ9QjpsVYMi4s8m9mzxCgKdWkuw6UCmVb,prettygirl24
BC1YLgnZCoqhcMayqyrKrzyrZfpgQ6QLezHZPPYMSJ85UWapkes6cQF,HeavyMetal
BC1YLjDpZ5QuEEawXu7mhmCfx5K6YErYFGqsUroC7FG3Ya3cpHcaeHe,StonerClout
BC1YLfoezbt8mEcWVU9oeT4GR2U7YAeg4idv8Nut4btE8YVb3n7upgu,the_drunk_capturer
BC1YLiZmoNFn5yTYNHNJbHH4n7uZdpjExVjwuGGD8qyWAK7VXCh9iNF,riodejaneiro
BC1YLgiLJBrfDCY2BcAmfrkf2tCmMarGRoC6hi3ZjFhLbjZtWeBkuUD,bitcloutpulse
BC1YLi1joh6dQfHedgTXwvJSBcQZ972R8hYPxd5rXGi6PWEi6PCJYFe,gnurpreet
BC1YLgd2NSiaKVtSSgFEarJttuK3mXC8E2twdvqjqKnXquUALGQUtfN,andyk
BC1YLhWNqqDeJW8RwZgmAAWerAjerwGfJHVb3EKwMqWDcWCeYBSVqAd,tekin
BC1YLhtdHdGYshmSYeAnBMU1sRrgFHm44XtK1Lcpf9LMHUMfaPKu6B5,HuntSauce
BC1YLhrtptZUpJDgXJrdQdojctfTE2GdATqjW2259p7oFN45YFbH3Zp,jakeudell
BC1YLh3YCF8mZjzHmWiVdK1ruvLu2oXnRp39xgvmfzy89bceizBU7jk,AlecUdell
BC1YLiQW2FSiH2ebpdJysButjwJppvfHvYqZsvwbV8B9mNE7iwJEjZ3,BeActive
BC1YLfhdB2sYjKb88j27Nfqk5M2HcjZKC8VcMmrM2mGsVp5n4FgFrDu,Ducky
BC1YLgn7EjvEtuUJHT6PnjmAv3WSHZjP59XVSGSAYHjzPEYASYG2yko,wadedavis
BC1YLihzywqunKvMNyKzEdh7ot2AGaSb4FLKbhT7Cna1fPuHfPzYENG,mattskelcher
BC1YLh5pKXs8NqaUtN8Gzi3rfoAgG2VWio2NER7baDkG8T2x7wRnSwa,cloutfeed
BC1YLipqTPdmX68MzDtDyBXcZD3YfQSHKPaxSvZ4MiNFSCqP9AB3kaL,JaretManuel
BC1YLiU9Wpk8c7pVx7GCu8fae6AQhdUrGYcWc1Wz9V56HbCi7RPr887,balajis
BC1YLjERk6o1wsh8NMhKKebBsyzjBVGSMwMy9e45VgZUmwWaTWWZcRT,Drseuss
BC1YLj2wuNrmLHQTu5ND3FfqWrPu1hxVSRtuBYm4teGrjvCaq3ui5CY,yigitcakar
BC1YLgTez9FKB5iqzuPKJzgcdrb4cvg14UppKATXVrC89UKx5JZ2Dkf,JerryM
BC1YLianxEsskKYNyL959k6b6UPYtRXfZs4MF3GkbWofdoFQzZCkJRB,dharmesh
BC1YLihgDNvpuBBgf6eEJPE3AEJidqBoF1jZkibUwzLN4YPSVqhmbWR,Mirina
BC1YLfg6RFHGXsKzZFyEKUmJ869eBeXMKH2xiuxrPw1ZuBxVRy1yXDg,PMD
BC1YLgAA91Q1EJppe5REpVa38XNrPe7ofEizpuaKnogGj1BjqJpkypA,Republike
BC1YLg49RGR5n2UwgSbDjzwZByK4BVWwevGE2EVY3tdreYMXNChGtAQ,signalclout
BC1YLga2ya7jf9qtS696515AGuwVUyRKZBTPuzUHnkSQ4AWAiFjRf2w,RomanGreywolf
BC1YLgAx6Tq313U2ysD8AgqULmWJreLt3Tgv3AchDcWjMspUEHnEprw,Nostress
BC1YLi3oWGPgn85Aq4FJCjoxS2gjG3d5jQUXmhceiCRiDd6byJ53Qhg,100
BC1YLgJxJipZBW5Z7DBymqERREjRmRiRDF28T9sVQs8faG4MMsUiGjS,AlfredLanning
BC1YLjUFzVXAjN3E9Xphxu8TiAhrMyAzVzStSnVb6pqnpbFc4d3kg95,oldbenji
BC1YLiL29xFvwA6LD9v3ehxepcUUpahWXNzg7B5DW1cSuTspTi4dPtx,Fungibles
BC1YLgXiTLhoU8ye4VP2Lr5rymLWmp17ncQoRXPr78nJTEnV6Ycjbu2,BitsTODAY
BC1YLhuUUj78otCYkgUSLMEpWtUZo7mUQPAMTCNEpiE1aJ7nzvgnkqC,danielkeyes
BC1YLgGspawzoqR9Lga1dbFGVSGbVq3siY1ZUHuFXwSeJgVfFTMAz5Y,SergeFan
BC1YLiPsLVJmk2NbVCXkEwM8Ai1SoPYyJRrJh9MzA26pfPidsFGwGJY,joejerome
BC1YLhJAbbgRx28LzemkxDo5yJKErefiiSxZShsftYJv3HF96UcTX2c,Bitclout_FR
BC1YLhhdmDEy6TqsRAmWuQazjeQVAW2HuMDH3sNe8Cp6tVKZXvwibSg,znmead
BC1YLijYAbrxqpa7Kk89KqqxPRzMCJc6hvWR921uFbATqyEmGqh565b,sidz
BC1YLi7RAWLrURKpxfrU7xEHUDMoZWyR8xeHTG9Nefc2Btpw4uWnFV3,michellevonkalben
BC1YLiQqFd4ro1jw3XTZ4zxMjEQka7NXy4aTc8Km1oeDHwjBn2kXrDy,rrhoover
BC1YLgLv8uiNW2Y93h1ff2B41Fi96mo2oA7PPwSirWYojuJr7vosGza,blairryan
BC1YLiXUijXjAFNReeo3jo8TbqPNyt1ZZ7efwoBGYa63ZoiCK1MduHK,Naj
BC1YLj5UADB4XHmiCQqrNwx65w9B25SFLN3wWARXkjD944pFDrcfntB,entrepreneurideology
BC1YLjXtgebbrJ3yZRYURDRzddM95gyYBXgkV7EogwLVPKVjvoTe7kh,Decentralized_Life
BC1YLgaMaPjZf5wGyTS8PWe8v4RdqF6PwBTcGA1sHrr1sBCK2c8Fnv9,AlexA11
BC1YLirgtzsosaSa2gaECXdTJdYTNC9LsUpCmPqHaMseytJ4nb4HhuZ,franmartos
BC1YLhG8jbVw7HsNyCaz83NbVxnAZ2TCLAKnE6CJtKJLMyM5fFsmPnE,KavishRajSingh
BC1YLhEQ6W7ymJk7NQ9pYQNnMUQWeC3ktvYdYWkxvYGX9UvKsKQK3sG,besnikligaci
BC1YLikh1xrhqtWWUrHjbZnwY7b9hi6RxjLPxu1Jc1qpnJevftdeUZD,HighKey
BC1YLgJ6UghogiqRCE6oGZf4iV1zF8hQMDfHXrY9EGW5khNcsW7hLB4,renatavc
BC1YLgqpEKtDV9iY4Pr7Y6NDf2zYK8puJYd3TgpdspG3C4cy5P9osdh,mikesherbakov
BC1YLg33k23AK2K69oC8Q26uS8nfTUHyyCXAeZCw9koqCCizYKapJ59,BryantJohnson
BC1YLi3Qw15BH8MYwvsu7gZvd5hZVNVD4a1AR3hn7qUZBP87mP22wEe,d0r0n
BC1YLhBLE1834FBJbQ9JU23JbPanNYMkUsdpJZrFVqNGsCe7YadYiUg,ItsAditya
BC1YLgX1uV11bDrkqhKQHn6pYr2qkxnDL4HMzDpaSQVZSymRv7phrDT,AndrewT
BC1YLhT1LwQA94MZNwvx3ojWaYZxdTxTXUT5V42WEBBze6JbeaD1Jpa,gapview
BC1YLghYexSxwCekrNNCgh5cWCkC6NzfUm2NF5gUNfHrjRgr7p2TKFD,srish
BC1YLgQkRFM1P3qvW5HQ47cTCikyfB464o4oEbqRkcqJohVs3jfUPib,salilsethi
BC1YLhzs81aobizqSvr9MiVM5mF4dgQVWHVat9KqPfBCP6kfsouiNLi,Room21
BC1YLh6R7CKSjj1vdSiPpJF5jB3WUd7dctBGqkFwt11scd8wSk4EQfQ,JBeats
BC1YLibYeYowUaxW7QimDbW7Xh9F4nc5GdrfXDLxkLS26ctdYmrpe4k,robinmaass
BC1YLiYGRp57vPVsXydYUHyXRwapZieuAxUBwcfaEfgNSsvcK7e9t2d,lukasjakson
BC1YLh5Qv6m83QP5WY9Vgj4sZxxUMLYcB7DLFxy6rd1A5imu4LXJ2q5,foodclout
BC1YLfrK8teE5Y2zWGuG9pGsu6dnw7pm7rVNWczf2QFzDaWwRRe9USZ,Tony_Stark
BC1YLgTX3ABbYbxnofSMTbr8io25bX1NAjT3kaGv21sZnXedygXje9b,Superfooddad
BC1YLj6XsNK4fTcjT11L7KhY4R9ccZ2cTwduaEYSmt31mnBTX5DNqbC,Foodblogger
BC1YLgbMMVviaCY3PgUrJE1Z4oo53pBzVKfgGus9wZHBaVUfQPQwkmF,TravelAustralia
BC1YLgybyrwL1qm7vrbQTmFivyXkXLAZeUq7QRrgZ6taNvQ6pDhjJJe,FreeBitch
BC1YLhPxxKaDSZPn9VM8DRYZp93WQUqYhf6SFqsgUc7mTFtkBu6K6pH,Jeanyyy
BC1YLgCGzrmJMGeN4J4enR2AmG3nm2atiLesevKHNuSM8vhShxP7pC2,FoodCurator
BC1YLhnDDZ677NKLG6jGy6nsAURQmPaNd92KnragRUkdr6FU9mnxUow,Seshat
BC1YLiSw8zXLvhBJ3xAaThcmKyLE8VJZBsSnMFsKNDxke4Fn643RNcU,ROMANOBAN
BC1YLidePWMryHL8q18ggLnG8SXSbG7zNskPn6dkJUGLYN2eYnwwnx9,DiamondClout
BC1YLjQwaTwxi3z3EjWD9i9Wp8GfLh5R5Xcm9sqkQ8LjD3cTDZs7nHG,TasteTheClout
BC1YLgeL4uxsU2cGEpwD4xEdwqxXsGBSb2ziMMbysCxioazhRiDEg5p,SamMuir
BC1YLiixDKxJAbhwtBrCup6U1izVtXwQoDZALe4zBZzsbybmvPhZcax,KaysiMarshall
BC1YLhYkBAKMN4xj1iXg4CFUVPZmC2REdn7NC1qYm9ryc5jGbnsbkD3,joshua_cottrell
BC1YLhivarbeyZZfy62sGJaFztYW7UE3UBX2anxyxzDP2CgobE6PSCW,efedoto
BC1YLhYMZxKWuC9mFjDT5QbNY41678EmZ8fsfBvzrh3KVHz92d2M67J,JardenilKimberly_
BC1YLgv3EyBYUxiniHJ8oYLCsyiKfAw8ARTahs5gySz86SKnr7ZJu6u,JustinsMorningCoffee
BC1YLis64GWosEB1FZTQ7GUPBgn7ebTT7jAKoy4iT7s68aC8opk1mmY,kyeatdays
BC1YLgcyHPsdpPEqJCNv7Co46eQEE3L3JU5Y8xxhAP7TX3fjVz9kZft,carsenk
BC1YLgTsFaYxPYj2Rtv2RkoS6HCCrBZMK6A2Hm5oyhuhKURvJhLvKA2,The_FishmanAU
BC1YLgbJZruj4sD8rZEhAEKKfyrEvooofPvLS4tk3T1nX1Jmf2kzxAb,KoreaClout
BC1YLiz4BqjeumNwzWw7r5BexVuoh5f2mpEgWFSMyqbHxU53j2kj3rF,Clip_in_Clout
BC1YLiJ2NGbrcDvdiwuf3ykFhBwwBsPATwskr9veugAByFfcourYVTq,TrafficCaptain
BC1YLiCSmTYFT6iXEhXJLcnXCmjCr22mA2gR3o98q1ALnRnE2wuqzac,vinnikavafineart
BC1YLiKsNeJh2ibWoa8wh5s2DGFNUuy9uvUga4jKRjJAwD5HS3kWRZT,MySingaporeLife
BC1YLfzL4FNZJ8k1xCVvVAA3UeMoQApG9V7VW1aVW9yAQdRNzHfqSWg,Ghozt
BC1YLjHifeLho9ytPBTPPPg5SbaJpBEa4eVyu28znHuez1afHZt8BfE,danmurrayserter
BC1YLhthkPvkBCm4nwt9r2LU9AAenjMnAb7TM5n7Tin3DQUztzhn33m,CloutStreetBets
BC1YLi76bLcvpyPpygMvonou5ZNFbPrXXjmJaB69FqNvpchPCfBKLWS,ethikdesign
BC1YLgAJJZpcPzTEDqvjpbNXXv6jrJZHzCR4NFmipMSafHhbKfkn8f1,tomt
BC1YLi3P5VRwVaABUCrQQHEEUoQGoAUpcS272Rb16MDH1Uy8Kg9q3sX,helenowen
BC1YLgzG6XfDqGaaqM2mmuSvDMqQEJ4TGZLg1b4gZjLGBiNU2HZyZbP,TheQueenOfClout
BC1YLiwBBKparwK9BiYCoED4pKqGetpVBEfetkexPqCdiAgbMxJd396,Klaudiakaya
BC1YLicQut6Qk7atq8Uz1nqUQfme8vizn5nSddHR8x12UYKFDZFPRvF,arora
BC1YLjY47wMo1dncVsVDEGoadiRoXGK39uPTNAptWvouCL431MZ6Vfz,stephaniesimon
BC1YLgJ23P8z4H4XtvHTMuQqjSa8dYFhTABgNMdixtWMCmq8dEUUF8f,FabioRosado
BC1YLiBenyex2FUxcKzGd5QUr5AyTiDixC647FFSc99hdKwDCq6tGbd,Designsta
BC1YLh8rVzSXdPuwzWvM3TqmejiPXSF3Hn2ypLQzvxSkSpbzSvu4TvA,BenOrloff
BC1YLhx97a6Um4WPyrvE2opCmYNLZrXnVMHtzfeGs6R6RJqgJNYhaNg,eileenodonnell
BC1YLfpbEYkGtkz8UF4rQHWwv5duGJMhbpUjnjT2zB5JLMeuB7ka4w2,jeffsayhi
BC1YLiJgZDnD5Qgu2YU9ZuoHsnNrDij6QFrACaXamEtCFoGC6mHZGJm,JakeL
BC1YLiP5X9YcUpfyqG72Q3kPHKoWUKZoNpBdoSmVTXPCAaD8wpiskdB,Shivansh
BC1YLj9k1gohwaMdggLPF7saMwEbUyrvje9PDpxuWrWwt8NPrC5bkqX,SCAMMERalert
BC1YLj9xJjvBMBuoBCcNfmUrCTvss46wbiiP1UHr42JW46kvvzvH1nm,Shhubham
BC1YLhsYytoWMrSd3R1sp7VsyTqaDjQkdjDbPe9267NxGGV8wUBfUsA,Mrfalconcat
BC1YLjKcaKBq4X4JrtGkAyRDWUnGwXQLEe7UEQu6fv9piQJFvRvdU6n,BarryMichaelDoyle
BC1YLiGFeQ5FGtbQC1yGtEpFi5TcNuHbyS1CFXYtodAxANqB8mbCqr5,MarkBentley
BC1YLjBEEJHR6CwUAHY8u8SdQ5L8opm5PuiWJimMxM4iR8WDW6NrKt1,adilo
BC1YLjJht34CrPcbaDL54gJ67tpoAsxQkXuM7a28uYEGjW8j4tAK9g8,LiftClout
BC1YLgxLrxvq5mgZUUhJc1gkG6pwrRCTbdT6snwcrsEampjqnSD1vck,tijn
BC1YLfm8uz8CaSdDMuuHZSadWKPL1t8dkhTBrttGYUGEbUgN4eAgRzq,MayaCoin
BC1YLgyg9diwz8jB7ZoR5UZzeSx1754KnyMybmDcqKALTzsC8SKDh5M,Tropix
BC1YLiCXkGWXdizHXSr1f3E1zoi5oQbtXgiXaHtJP3cVBmgfQFmhVsj,v
BC1YLijasK4jezcSMNgyzqcDxQhjsaJoC5nxuQ8GM78zuTcABVvU5dD,Game7
BC1YLiRbtS1MBiEkHngmuzdC8Prr2tuxTbeYDuU2Ajj9bm1bdVL4X5f,violetsummer
BC1YLfij6s114e7YatZS7nDC35F8vf73UjpZN2oney3tP8xtBQZfWeg,BnPBlog_The_Coin
BC1YLhAfNKVV5ztE1EgEBV9Eh7dmq1vZkn83RSF3W4VDM2nFDAwvs9E,Zeyan
